scan_case,clean_label,noise_case,delta_nu_Hz,white_noise_var,sigma_frac,n_tod,n_pix_solved,hit_cut,method,n_pix,rmse,bias,std,corr,median_abs_residual,p95_abs_residual,n_iter,converged
A_no_rotation_24h,"No rotation, 24 h",none,,0.0,0.0,720,336,4.548511555925765e-05,equivalent_diagonal_GLS,336,2765.8956593429866,-2557.4755833470717,1053.3268433662604,0.2207139146992704,2282.1906772313814,4558.338120904144,,
A_no_rotation_24h,"No rotation, 24 h",none,,0.0,0.0,720,336,4.548511555925765e-05,hydra_lite_IRLS,336,2765.8956593429866,-2557.4755833470717,1053.3268433662604,0.2207139146992704,2282.1906772313814,4558.338120904144,0.0,True
A_no_rotation_24h,"No rotation, 24 h",raw_10MHz_over_8192,1220.703125,6.826666666666667e-06,0.0026127890589687235,720,336,4.548511555925765e-05,equivalent_diagonal_GLS,336,1594.3248918727231,-734.5110347101139,1415.0496106971118,0.31048254323603164,878.6285828306588,3074.4261807801204,,
A_no_rotation_24h,"No rotation, 24 h",raw_10MHz_over_8192,1220.703125,6.826666666666667e-06,0.0026127890589687235,720,336,4.548511555925765e-05,hydra_lite_IRLS,336,1594.3125282902724,-734.48923750653,1415.0469949264573,0.31051397081189275,878.6771249151576,3074.555136346684,3.0,True
A_no_rotation_24h,"No rotation, 24 h",bandavg_10kHz,10000.0,8.333333333333333e-07,0.0009128709291752768,720,336,4.548511555925765e-05,equivalent_diagonal_GLS,336,1589.3819896910397,-729.9099918700811,1411.8663226107726,0.31622335548154873,890.3017398649224,3065.494113630595,,
A_no_rotation_24h,"No rotation, 24 h",bandavg_10kHz,10000.0,8.333333333333333e-07,0.0009128709291752768,720,336,4.548511555925765e-05,hydra_lite_IRLS,336,1589.3791767125867,-729.9076658326113,1411.8643584729975,0.3162265809271794,890.3096119739268,3065.494956359896,3.0,True
A_no_rotation_24h,"No rotation, 24 h",bandavg_100kHz,100000.0,8.333333333333334e-08,0.0002886751345948129,720,336,4.548511555925765e-05,equivalent_diagonal_GLS,336,1555.0750913726026,-713.7249020709023,1381.613297551594,0.33367683624419076,863.3236234378855,3038.7491494073975,,
A_no_rotation_24h,"No rotation, 24 h",bandavg_100kHz,100000.0,8.333333333333334e-08,0.0002886751345948129,720,336,4.548511555925765e-05,hydra_lite_IRLS,336,1555.074601417668,-713.7240450113451,1381.613188829262,0.3336770877460757,863.3380576985854,3038.7402397720243,3.0,True
A_no_rotation_24h,"No rotation, 24 h",bandavg_1MHz,1000000.0,8.333333333333334e-09,9.128709291752768e-05,720,336,4.548511555925765e-05,equivalent_diagonal_GLS,336,1346.1896080578415,-607.3688123731604,1201.3865267262413,0.4396208746256092,770.7845358845851,2706.1853661553105,,
A_no_rotation_24h,"No rotation, 24 h",bandavg_1MHz,1000000.0,8.333333333333334e-09,9.128709291752768e-05,720,336,4.548511555925765e-05,hydra_lite_IRLS,336,1346.1939582124307,-607.3696545487013,1201.390975436824,0.43961670092167554,770.822401295022,2706.046886326463,3.0,True
B_slow_rotation_24h_one_turn_per_day,"Slow rotation, 24 h",none,,0.0,0.0,720,461,1.8416962735103767e-05,equivalent_diagonal_GLS,461,2894.2724899530926,-2548.69556272216,1371.4824733330165,0.12223197960221982,2164.0501046138866,4727.096751785403,,
B_slow_rotation_24h_one_turn_per_day,"Slow rotation, 24 h",none,,0.0,0.0,720,461,1.8416962735103767e-05,hydra_lite_IRLS,461,2894.2724899530926,-2548.69556272216,1371.4824733330165,0.12223197960221982,2164.0501046138866,4727.096751785403,0.0,True
B_slow_rotation_24h_one_turn_per_day,"Slow rotation, 24 h",raw_10MHz_over_8192,1220.703125,6.826666666666667e-06,0.0026127890589687235,720,461,1.8416962735103767e-05,equivalent_diagonal_GLS,461,2139.8132861605263,-1249.6966315286827,1736.9684017779296,0.21770109306401045,1371.6173799585874,4021.581911939221,,
B_slow_rotation_24h_one_turn_per_day,"Slow rotation, 24 h",raw_10MHz_over_8192,1220.703125,6.826666666666667e-06,0.0026127890589687235,720,461,1.8416962735103767e-05,hydra_lite_IRLS,461,2139.6719550934263,-1249.5657789225306,1736.888436129118,0.21790538172567578,1372.109621218128,4020.2254399339067,4.0,True
B_slow_rotation_24h_one_turn_per_day,"Slow rotation, 24 h",bandavg_10kHz,10000.0,8.333333333333333e-07,0.0009128709291752768,720,461,1.8416962735103767e-05,equivalent_diagonal_GLS,461,2094.8708849237023,-1234.2693604925857,1692.6497482498378,0.2784053356948114,1362.1288827008923,4226.151290067165,,
B_slow_rotation_24h_one_turn_per_day,"Slow rotation, 24 h",bandavg_10kHz,10000.0,8.333333333333333e-07,0.0009128709291752768,720,461,1.8416962735103767e-05,hydra_lite_IRLS,461,2094.8755903959645,-1234.2594445763132,1692.662802424337,0.2784122481044841,1361.949943490645,4226.555913919467,3.0,True
B_slow_rotation_24h_one_turn_per_day,"Slow rotation, 24 h",bandavg_100kHz,100000.0,8.333333333333334e-08,0.0002886751345948129,720,461,1.8416962735103767e-05,equivalent_diagonal_GLS,461,2035.1529584128107,-1203.1046234264,1641.4587503883356,0.3404810938471783,1338.8977612041365,4293.398654288694,,
B_slow_rotation_24h_one_turn_per_day,"Slow rotation, 24 h",bandavg_100kHz,100000.0,8.333333333333334e-08,0.0002886751345948129,720,461,1.8416962735103767e-05,hydra_lite_IRLS,461,2035.164978416315,-1203.1064786123482,1641.4722935502975,0.34046606964033194,1338.8698953679334,4293.414442151883,3.0,True
B_slow_rotation_24h_one_turn_per_day,"Slow rotation, 24 h",bandavg_1MHz,1000000.0,8.333333333333334e-09,9.128709291752768e-05,720,461,1.8416962735103767e-05,equivalent_diagonal_GLS,461,1831.2722825466496,-1070.3883310582298,1485.8758338293258,0.4413522905578003,1148.2431960337262,3789.05270824971,,
B_slow_rotation_24h_one_turn_per_day,"Slow rotation, 24 h",bandavg_1MHz,1000000.0,8.333333333333334e-09,9.128709291752768e-05,720,461,1.8416962735103767e-05,hydra_lite_IRLS,461,1831.2807280376046,-1070.3840430114258,1485.8893314606087,0.4413367091642545,1148.0006054010469,3789.107160203869,3.0,True
C_fast_rotation_24h_one_turn_per_hour,"Fast rotation, 24 h",none,,0.0,0.0,720,528,1.1910929487923213e-05,equivalent_diagonal_GLS,528,3012.2526723328797,-2608.193616867251,1506.9811607679446,0.06538548166661988,2168.9182843867306,5146.066116443007,,
C_fast_rotation_24h_one_turn_per_hour,"Fast rotation, 24 h",none,,0.0,0.0,720,528,1.1910929487923213e-05,hydra_lite_IRLS,528,3012.2526723328797,-2608.193616867251,1506.9811607679446,0.06538548166661988,2168.9182843867306,5146.066116443007,0.0,True
C_fast_rotation_24h_one_turn_per_hour,"Fast rotation, 24 h",raw_10MHz_over_8192,1220.703125,6.826666666666667e-06,0.0026127890589687235,720,528,1.1910929487923213e-05,equivalent_diagonal_GLS,528,2095.5835410796813,-1183.0177764723774,1729.7223240145822,0.2616369220140468,1239.203243107727,3576.907845825823,,
C_fast_rotation_24h_one_turn_per_hour,"Fast rotation, 24 h",raw_10MHz_over_8192,1220.703125,6.826666666666667e-06,0.0026127890589687235,720,528,1.1910929487923213e-05,hydra_lite_IRLS,528,2094.035467788521,-1182.6260666730416,1728.1146162166851,0.26448788088979847,1239.292851993985,3558.368442043522,5.0,True
C_fast_rotation_24h_one_turn_per_hour,"Fast rotation, 24 h",bandavg_10kHz,10000.0,8.333333333333333e-07,0.0009128709291752768,720,528,1.1910929487923213e-05,equivalent_diagonal_GLS,528,1749.5835229402035,-927.9777226998737,1483.2059364486813,0.47842639619592303,792.7991660420247,3056.4371658991804,,
C_fast_rotation_24h_one_turn_per_hour,"Fast rotation, 24 h",bandavg_10kHz,10000.0,8.333333333333333e-07,0.0009128709291752768,720,528,1.1910929487923213e-05,hydra_lite_IRLS,528,1749.0914773511508,-928.3963894099132,1482.3633631040225,0.4793425937994493,797.1526749591461,3056.395386166734,4.0,True
C_fast_rotation_24h_one_turn_per_hour,"Fast rotation, 24 h",bandavg_100kHz,100000.0,8.333333333333334e-08,0.0002886751345948129,720,528,1.1910929487923213e-05,equivalent_diagonal_GLS,528,1381.6618437165332,-651.2626482654617,1218.5427417027388,0.6839786106279407,632.0684584476978,2522.8923019741947,,
C_fast_rotation_24h_one_turn_per_hour,"Fast rotation, 24 h",bandavg_100kHz,100000.0,8.333333333333334e-08,0.0002886751345948129,720,528,1.1910929487923213e-05,hydra_lite_IRLS,528,1381.5208812582894,-651.2188171174768,1218.4063351709865,0.6840898251164237,632.2610837869645,2522.282348435178,3.0,True
C_fast_rotation_24h_one_turn_per_hour,"Fast rotation, 24 h",bandavg_1MHz,1000000.0,8.333333333333334e-09,9.128709291752768e-05,720,528,1.1910929487923213e-05,equivalent_diagonal_GLS,528,1126.8903251046804,-493.6455297006402,1013.0132752442619,0.8006479326333101,406.22206720694373,2286.103326014671,,
C_fast_rotation_24h_one_turn_per_hour,"Fast rotation, 24 h",bandavg_1MHz,1000000.0,8.333333333333334e-09,9.128709291752768e-05,720,528,1.1910929487923213e-05,hydra_lite_IRLS,528,1126.8890709261243,-493.6449472171728,1013.0121639248456,0.8006498792995695,406.00295364747535,2286.0100211762615,3.0,True
E_same_LST_12days_30deg_step_stacked,"Same LST, 12 days, 30° step",none,,0.0,0.0,8640,536,0.00014316841097438042,equivalent_diagonal_GLS,536,3049.4056822535886,-2602.5611567083215,1589.1980495059504,0.05429411251999264,2145.8106601689788,5227.278632219395,,
E_same_LST_12days_30deg_step_stacked,"Same LST, 12 days, 30° step",none,,0.0,0.0,8640,536,0.00014316841097438042,hydra_lite_IRLS,536,3049.4056822535886,-2602.5611567083215,1589.1980495059504,0.05429411251999264,2145.8106601689788,5227.278632219395,0.0,True
E_same_LST_12days_30deg_step_stacked,"Same LST, 12 days, 30° step",raw_10MHz_over_8192,1220.703125,6.826666666666667e-06,0.0026127890589687235,8640,536,0.00014316841097438042,equivalent_diagonal_GLS,536,1752.7605661070572,-902.9247484241678,1502.297074743569,0.5094866999754849,758.6014801161349,3135.5019820798725,,
E_same_LST_12days_30deg_step_stacked,"Same LST, 12 days, 30° step",raw_10MHz_over_8192,1220.703125,6.826666666666667e-06,0.0026127890589687235,8640,536,0.00014316841097438042,hydra_lite_IRLS,536,1752.1907631785848,-903.207633229884,1501.4621013677377,0.5102847268591596,758.0356926885689,3135.8070397405463,4.0,True
E_same_LST_12days_30deg_step_stacked,"Same LST, 12 days, 30° step",bandavg_10kHz,10000.0,8.333333333333333e-07,0.0009128709291752768,8640,536,0.00014316841097438042,equivalent_diagonal_GLS,536,1427.4140145856088,-664.9629859532731,1263.0657133924235,0.6894934212370576,671.9583865506689,2474.2144005909813,,
E_same_LST_12days_30deg_step_stacked,"Same LST, 12 days, 30° step",bandavg_10kHz,10000.0,8.333333333333333e-07,0.0009128709291752768,8640,536,0.00014316841097438042,hydra_lite_IRLS,536,1427.3412732757113,-664.9269139934906,1263.0024977977762,0.6895561716879326,672.2454169805421,2474.427799015453,3.0,True
E_same_LST_12days_30deg_step_stacked,"Same LST, 12 days, 30° step",bandavg_100kHz,100000.0,8.333333333333334e-08,0.0002886751345948129,8640,536,0.00014316841097438042,equivalent_diagonal_GLS,536,1155.688043261967,-501.51782640303554,1041.1986953212383,0.803955520877234,470.3179038640002,2253.3279249380275,,
E_same_LST_12days_30deg_step_stacked,"Same LST, 12 days, 30° step",bandavg_100kHz,100000.0,8.333333333333334e-08,0.0002886751345948129,8640,536,0.00014316841097438042,hydra_lite_IRLS,536,1155.698830002237,-501.5176841493544,1041.2107366686187,0.8039503779926924,470.42758528569414,2253.331648895419,3.0,True
E_same_LST_12days_30deg_step_stacked,"Same LST, 12 days, 30° step",bandavg_1MHz,1000000.0,8.333333333333334e-09,9.128709291752768e-05,8640,536,0.00014316841097438042,equivalent_diagonal_GLS,536,664.5243535699374,-271.88533939980954,606.3587871112231,0.9294758731450533,257.57202259943256,1410.6515859264161,,
E_same_LST_12days_30deg_step_stacked,"Same LST, 12 days, 30° step",bandavg_1MHz,1000000.0,8.333333333333334e-09,9.128709291752768e-05,8640,536,0.00014316841097438042,hydra_lite_IRLS,536,664.5259922574386,-271.88494923392597,606.3607579368893,0.9294753155580968,257.6027961926043,1410.5963342112523,3.0,True
G_same_LST_12days_fast_hourly_stacked,"Same LST, 12 days, fast hourly",none,,0.0,0.0,8640,528,0.00014293115385507834,equivalent_diagonal_GLS,528,2993.8781712266045,-2587.7242919848463,1505.652513968174,0.06583528007965089,2150.512287249171,5136.112018010353,,
G_same_LST_12days_fast_hourly_stacked,"Same LST, 12 days, fast hourly",none,,0.0,0.0,8640,528,0.00014293115385507834,hydra_lite_IRLS,528,2993.8781712266045,-2587.7242919848463,1505.652513968174,0.06583528007965089,2150.512287249171,5136.112018010353,0.0,True
G_same_LST_12days_fast_hourly_stacked,"Same LST, 12 days, fast hourly",raw_10MHz_over_8192,1220.703125,6.826666666666667e-06,0.0026127890589687235,8640,528,0.00014293115385507834,equivalent_diagonal_GLS,528,1678.383881886097,-871.9672602286262,1434.100956022423,0.5173681592754188,721.9315325611203,3050.825681634302,,
G_same_LST_12days_fast_hourly_stacked,"Same LST, 12 days, fast hourly",raw_10MHz_over_8192,1220.703125,6.826666666666667e-06,0.0026127890589687235,8640,528,0.00014293115385507834,hydra_lite_IRLS,528,1677.890815000869,-872.2395146441779,1433.3582302263342,0.5180899484150184,722.3623208784081,3050.082361760423,4.0,True
G_same_LST_12days_fast_hourly_stacked,"Same LST, 12 days, fast hourly",bandavg_10kHz,10000.0,8.333333333333333e-07,0.0009128709291752768,8640,528,0.00014293115385507834,equivalent_diagonal_GLS,528,1358.9891736093382,-636.0156204688202,1200.9728158901241,0.6959630501361188,635.1775560690606,2469.895994512857,,
G_same_LST_12days_fast_hourly_stacked,"Same LST, 12 days, fast hourly",bandavg_10kHz,10000.0,8.333333333333333e-07,0.0009128709291752768,8640,528,0.00014293115385507834,hydra_lite_IRLS,528,1358.8837628426427,-635.9754473579193,1200.874810825539,0.6960459059092818,635.0118680372079,2468.913606060169,3.0,True
G_same_LST_12days_fast_hourly_stacked,"Same LST, 12 days, fast hourly",bandavg_100kHz,100000.0,8.333333333333334e-08,0.0002886751345948129,8640,528,0.00014293115385507834,equivalent_diagonal_GLS,528,1106.584579154482,-481.1305669712001,996.5153327212149,0.8075121578883869,390.1161102855375,2263.06046322479,,
G_same_LST_12days_fast_hourly_stacked,"Same LST, 12 days, fast hourly",bandavg_100kHz,100000.0,8.333333333333334e-08,0.0002886751345948129,8640,528,0.00014293115385507834,hydra_lite_IRLS,528,1106.5835805049576,-481.13095027369525,996.5140387028689,0.807513661514253,390.11386033497774,2262.996095307943,3.0,True
G_same_LST_12days_fast_hourly_stacked,"Same LST, 12 days, fast hourly",bandavg_1MHz,1000000.0,8.333333333333334e-09,9.128709291752768e-05,8640,528,0.00014293115385507834,equivalent_diagonal_GLS,528,793.7646569727121,-312.67372069094006,729.5871949591025,0.8941091210735904,318.94365045453605,1693.3568265946974,,
G_same_LST_12days_fast_hourly_stacked,"Same LST, 12 days, fast hourly",bandavg_1MHz,1000000.0,8.333333333333334e-09,9.128709291752768e-05,8640,528,0.00014293115385507834,hydra_lite_IRLS,528,793.765415619701,-312.67356525348856,729.5880869542683,0.8941089707873044,318.9731584888368,1693.2947534155514,3.0,True
