scan_case,clean_label,noise_case,method,n_common_pix,n_pix,rmse,bias,std,corr,median_abs_residual,p95_abs_residual
A_no_rotation_24h,"No rotation, 24 h",none,equivalent_diagonal_GLS,325,325,2774.0666579255844,-2564.7355744705555,1057.155265634907,0.22061459905792632,2283.465575626528,4590.1575710260095
A_no_rotation_24h,"No rotation, 24 h",none,hydra_lite_IRLS,325,325,2774.0666579255844,-2564.7355744705555,1057.155265634907,0.22061459905792632,2283.465575626528,4590.1575710260095
A_no_rotation_24h,"No rotation, 24 h",raw_10MHz_over_8192,equivalent_diagonal_GLS,325,325,1570.3032754612718,-692.057547819284,1409.5774996185057,0.31340379675658286,849.5828044216587,3037.6415779034296
A_no_rotation_24h,"No rotation, 24 h",raw_10MHz_over_8192,hydra_lite_IRLS,325,325,1570.2902126427966,-692.0346698968292,1409.5741795246345,0.3134358710580753,849.2710636023367,3037.5344649021595
A_no_rotation_24h,"No rotation, 24 h",bandavg_10kHz,equivalent_diagonal_GLS,325,325,1565.250254042942,-687.308899117527,1406.2769410664985,0.3192072674869367,853.10990841485,3023.4619997644454
A_no_rotation_24h,"No rotation, 24 h",bandavg_10kHz,hydra_lite_IRLS,325,325,1565.2473064731726,-687.3064356892486,1406.274864271442,0.3192105270568795,853.0997703774158,3023.4302835607014
A_no_rotation_24h,"No rotation, 24 h",bandavg_100kHz,equivalent_diagonal_GLS,325,325,1530.912456093546,-671.353615816191,1375.8551052901244,0.33654262081251207,839.8008159204213,2935.9647748503726
A_no_rotation_24h,"No rotation, 24 h",bandavg_100kHz,hydra_lite_IRLS,325,325,1530.9115561017272,-671.352252086278,1375.8547693068824,0.33654268319603714,839.7776058279314,2935.929909634821
A_no_rotation_24h,"No rotation, 24 h",bandavg_1MHz,equivalent_diagonal_GLS,325,325,1325.6093217503178,-569.5618094023656,1197.0127063576397,0.44142648769755616,728.6236794888545,2691.3938269903656
A_no_rotation_24h,"No rotation, 24 h",bandavg_1MHz,hydra_lite_IRLS,325,325,1325.6105840938844,-569.559852751464,1197.0150353255635,0.44142228273291967,728.7005462942335,2691.3591809960762
B_slow_rotation_24h_one_turn_per_day,"Slow rotation, 24 h",none,equivalent_diagonal_GLS,325,325,2773.994811973991,-2564.6721192805603,1057.1206825351478,0.20849222013017082,2283.773117329947,4590.318030339049
B_slow_rotation_24h_one_turn_per_day,"Slow rotation, 24 h",none,hydra_lite_IRLS,325,325,2773.994811973991,-2564.6721192805603,1057.1206825351478,0.20849222013017082,2283.773117329947,4590.318030339049
B_slow_rotation_24h_one_turn_per_day,"Slow rotation, 24 h",raw_10MHz_over_8192,equivalent_diagonal_GLS,325,325,1647.71667704445,-781.6017135781414,1450.5409367343336,0.3367278165198504,914.7090047753375,3249.8591529136515
B_slow_rotation_24h_one_turn_per_day,"Slow rotation, 24 h",raw_10MHz_over_8192,hydra_lite_IRLS,325,325,1647.6863740422048,-781.451855774177,1450.5872549803555,0.3368656935742173,916.628520726905,3250.8758539649893
B_slow_rotation_24h_one_turn_per_day,"Slow rotation, 24 h",bandavg_10kHz,equivalent_diagonal_GLS,325,325,1635.0113647237667,-770.0254639398031,1442.3324677965772,0.3693330073612508,974.9655078994568,3250.7392518779725
B_slow_rotation_24h_one_turn_per_day,"Slow rotation, 24 h",bandavg_10kHz,hydra_lite_IRLS,325,325,1635.033166105078,-770.0093033910688,1442.3658089939588,0.3693254800220987,974.9101173668525,3251.0074209301592
B_slow_rotation_24h_one_turn_per_day,"Slow rotation, 24 h",bandavg_100kHz,equivalent_diagonal_GLS,325,325,1595.372811535511,-744.4088515220537,1411.052752225209,0.4060195543692559,972.7262666540436,3281.0293877222907
B_slow_rotation_24h_one_turn_per_day,"Slow rotation, 24 h",bandavg_100kHz,hydra_lite_IRLS,325,325,1595.3808696195697,-744.4093889103798,1411.0615793969334,0.40601178364591595,972.4702024228694,3280.946199456428
B_slow_rotation_24h_one_turn_per_day,"Slow rotation, 24 h",bandavg_1MHz,equivalent_diagonal_GLS,325,325,1405.2557667846197,-635.7636275662571,1253.2152169301262,0.4958708700497755,876.2976772259485,2955.7342070962886
B_slow_rotation_24h_one_turn_per_day,"Slow rotation, 24 h",bandavg_1MHz,hydra_lite_IRLS,325,325,1405.2564567275333,-635.7597321277515,1253.2179667477126,0.49586445351970715,876.2103889952882,2955.697318542619
C_fast_rotation_24h_one_turn_per_hour,"Fast rotation, 24 h",none,equivalent_diagonal_GLS,325,325,2773.9582563435406,-2564.6275226672656,1057.1329518627538,0.20057723409142747,2283.7842826833994,4590.300369296368
C_fast_rotation_24h_one_turn_per_hour,"Fast rotation, 24 h",none,hydra_lite_IRLS,325,325,2773.9582563435406,-2564.6275226672656,1057.1329518627538,0.20057723409142747,2283.7842826833994,4590.300369296368
C_fast_rotation_24h_one_turn_per_hour,"Fast rotation, 24 h",raw_10MHz_over_8192,equivalent_diagonal_GLS,325,325,1321.6532173254072,-438.05637443300697,1246.9458046303412,0.3840175544746702,650.3787334263329,2517.1078888585903
C_fast_rotation_24h_one_turn_per_hour,"Fast rotation, 24 h",raw_10MHz_over_8192,hydra_lite_IRLS,325,325,1322.4814411302361,-437.26704947088865,1248.1004324896815,0.384435901052622,650.8083305619798,2525.0730087274474
C_fast_rotation_24h_one_turn_per_hour,"Fast rotation, 24 h",bandavg_10kHz,equivalent_diagonal_GLS,325,325,903.4655746390237,-151.73732376827806,890.6322636944284,0.6206522259318015,366.80574488856746,1842.0537815552184
C_fast_rotation_24h_one_turn_per_hour,"Fast rotation, 24 h",bandavg_10kHz,hydra_lite_IRLS,325,325,903.9460415058059,-152.24680676532805,891.0327467516425,0.620534141445315,364.60545095207476,1844.9192979607988
C_fast_rotation_24h_one_turn_per_hour,"Fast rotation, 24 h",bandavg_100kHz,equivalent_diagonal_GLS,325,325,569.7266151802986,113.81138496116697,558.2431232877134,0.8504446775333899,425.3390646948815,974.0083387503577
C_fast_rotation_24h_one_turn_per_hour,"Fast rotation, 24 h",bandavg_100kHz,hydra_lite_IRLS,325,325,569.690666798354,113.81406452874162,558.2058890343244,0.8504664145305527,424.96561261231227,974.4616323644282
C_fast_rotation_24h_one_turn_per_hour,"Fast rotation, 24 h",bandavg_1MHz,equivalent_diagonal_GLS,325,325,389.14624679949833,141.82981038496854,362.37978183709413,0.939819285754026,251.25370482869175,769.0815813151407
C_fast_rotation_24h_one_turn_per_hour,"Fast rotation, 24 h",bandavg_1MHz,hydra_lite_IRLS,325,325,389.16368827289426,141.83472749810892,362.3965871054798,0.9398134358266905,251.38691980497515,769.2849895049126
E_same_LST_12days_30deg_step_stacked,"Same LST, 12 days, 30° step",none,equivalent_diagonal_GLS,325,325,2742.744452952538,-2532.685238027318,1052.6882821046438,0.20137165163901688,2245.8934378632525,4564.425219014202
E_same_LST_12days_30deg_step_stacked,"Same LST, 12 days, 30° step",none,hydra_lite_IRLS,325,325,2742.744452952538,-2532.685238027318,1052.6882821046438,0.20137165163901688,2245.8934378632525,4564.425219014202
E_same_LST_12days_30deg_step_stacked,"Same LST, 12 days, 30° step",raw_10MHz_over_8192,equivalent_diagonal_GLS,325,325,820.6420482763546,-86.43511216695636,816.0774122495343,0.6720018587202194,388.67669877882963,1713.6110905927685
E_same_LST_12days_30deg_step_stacked,"Same LST, 12 days, 30° step",raw_10MHz_over_8192,hydra_lite_IRLS,325,325,820.8696621993745,-86.8046749425712,816.2670829620841,0.6719568309568283,387.37346997245595,1711.2748709264827
E_same_LST_12days_30deg_step_stacked,"Same LST, 12 days, 30° step",bandavg_10kHz,equivalent_diagonal_GLS,325,325,562.0346784424457,131.73169338625596,546.3787520845707,0.8569795650064805,418.4262734149172,914.4798909837089
E_same_LST_12days_30deg_step_stacked,"Same LST, 12 days, 30° step",bandavg_10kHz,hydra_lite_IRLS,325,325,561.9998683828868,131.74836574436864,546.3389242824185,0.8570021093145576,419.9114327817558,914.6087835926395
E_same_LST_12days_30deg_step_stacked,"Same LST, 12 days, 30° step",bandavg_100kHz,equivalent_diagonal_GLS,325,325,427.1900320915076,150.724974850355,399.71653140032015,0.9269182418198839,324.8716126815302,771.3730716861589
E_same_LST_12days_30deg_step_stacked,"Same LST, 12 days, 30° step",bandavg_100kHz,hydra_lite_IRLS,325,325,427.1994003854433,150.73143491758992,399.72410762595575,0.9269152846412432,324.7887419514575,771.7394380653653
E_same_LST_12days_30deg_step_stacked,"Same LST, 12 days, 30° step",bandavg_1MHz,equivalent_diagonal_GLS,325,325,263.58906108901147,79.81136745769365,251.2157215428995,0.9718131071079239,175.97300452508375,489.66659403720064
E_same_LST_12days_30deg_step_stacked,"Same LST, 12 days, 30° step",bandavg_1MHz,hydra_lite_IRLS,325,325,263.5940108289802,79.8119380560097,251.22073379530636,0.9718120146856595,175.9408284441347,489.6747644450286
G_same_LST_12days_fast_hourly_stacked,"Same LST, 12 days, fast hourly",none,equivalent_diagonal_GLS,325,325,2742.7934765259665,-2532.737401535999,1052.6905099477588,0.20153932631487367,2246.0762016279446,4564.514348061196
G_same_LST_12days_fast_hourly_stacked,"Same LST, 12 days, fast hourly",none,hydra_lite_IRLS,325,325,2742.7934765259665,-2532.737401535999,1052.6905099477588,0.20153932631487367,2246.0762016279446,4564.514348061196
G_same_LST_12days_fast_hourly_stacked,"Same LST, 12 days, fast hourly",raw_10MHz_over_8192,equivalent_diagonal_GLS,325,325,818.5544261914961,-92.48384027040494,813.313031941901,0.6756970078889502,376.6679009593877,1625.9653568371798
G_same_LST_12days_fast_hourly_stacked,"Same LST, 12 days, fast hourly",raw_10MHz_over_8192,hydra_lite_IRLS,325,325,818.7523936880716,-92.84584521888812,813.4710389408693,0.6756644758520227,378.02982868345816,1628.2990890205206
G_same_LST_12days_fast_hourly_stacked,"Same LST, 12 days, fast hourly",bandavg_10kHz,equivalent_diagonal_GLS,325,325,554.0061085047652,122.71756539315818,540.2436185690392,0.8605735007964244,405.9638308532035,948.7363398133602
G_same_LST_12days_fast_hourly_stacked,"Same LST, 12 days, fast hourly",bandavg_10kHz,hydra_lite_IRLS,325,325,553.9955467419563,122.72537746984207,540.2310131182805,0.8605809559336469,405.3584210906329,948.7436017063835
G_same_LST_12days_fast_hourly_stacked,"Same LST, 12 days, fast hourly",bandavg_100kHz,equivalent_diagonal_GLS,325,325,379.1344434395509,138.88813418090518,352.7789851818911,0.9431576508791085,256.4065826837027,745.3185309866537
G_same_LST_12days_fast_hourly_stacked,"Same LST, 12 days, fast hourly",bandavg_100kHz,hydra_lite_IRLS,325,325,379.15058396655303,138.89256346940158,352.79458773495435,0.9431523324975302,256.3572381074855,745.6900533346058
G_same_LST_12days_fast_hourly_stacked,"Same LST, 12 days, fast hourly",bandavg_1MHz,equivalent_diagonal_GLS,325,325,335.5029040333354,86.47586528838627,324.1668140594073,0.9542925496794369,188.24704658635892,667.3810838811963
G_same_LST_12days_fast_hourly_stacked,"Same LST, 12 days, fast hourly",bandavg_1MHz,hydra_lite_IRLS,325,325,335.50815760756035,86.47604058580107,324.1722045854988,0.9542910147440636,188.19888489832533,667.3988632340723
